{"cameraMode":{"drawMode":0,"name":"Shaded","section":"Shading Mode"},"sceneLighting":true,"audioPlay":false,"sceneViewState":{"m_AlwaysRefresh":false,"showFog":true,"showSkybox":true,"showFlares":true,"showImageEffects":true,"showParticleSystems":true,"showVisualEffectGraphs":true,"m_FxEnabled":true},"in2DMode":false,"pivot":{"x":1.100049614906311,"y":-0.12958073616027833,"z":-0.2509641647338867},"rotation":{"x":-0.14880625903606416,"y":-0.025216074660420419,"z":0.003795893397182226,"w":-0.9885390996932983},"size":10.664239883422852,"orthographic":false}