{"cameraMode":{"drawMode":0,"name":"Shaded","section":"Shading Mode"},"sceneLighting":true,"audioPlay":false,"sceneViewState":{"m_AlwaysRefresh":false,"showFog":true,"showSkybox":true,"showFlares":true,"showImageEffects":true,"showParticleSystems":true,"showVisualEffectGraphs":true,"m_FxEnabled":true},"in2DMode":false,"pivot":{"x":-0.15485726296901704,"y":0.12415929138660431,"z":-0.28080642223358157},"rotation":{"x":-0.12202030420303345,"y":0.1043085902929306,"z":-0.012895986437797547,"w":-0.9869486093521118},"size":0.43982934951782229,"orthographic":false}